{
  "name": "jquery-mobile",
  "version": "1.4.5",
  "main": [
    "js/jquery.mobile.js",
    "css/themes/default/jquery.mobile.css"
  ],
  "ignore": [
    ".jshintrc",
    "**/*.txt",
    "build",
    "demos",
    "tests",
    "tools"
  ],
  "dependencies": {
    "jquery": "1.10.2",
    "jquery-ui": "jquery/jquery-ui#c0ab71056b936627e8a7821f03c044aec6280a40",
    "jquery-ui-tabs": "jquery/jquery-ui#fadf2b312a05040436451c64bbfaf4814bc62c56",
    "jquery-hashchange": "gseguin/jquery-hashchange#2da0c56fd418fa323c136254f971b6176f1ae135"
  },
  "devDependencies": {
    "requirejs": "2.1.2",
    "qunit": "1.14.0",
    "jshint": "2.4.0",
    "requirejs-text": "2.0.3",
    "requirejs-plugins": "millermedeiros/requirejs-plugins#34330a5d735474ac0b518eb1eb270c9e5505a537"
  },
  "homepage": "https://github.com/jquery/jquery-mobile",
  "_release": "1.4.5",
  "_resolution": {
    "type": "version",
    "tag": "1.4.5",
    "commit": "3d7eaceff3292058833a110283695ed8cd9f8464"
  },
  "_source": "git://github.com/jquery/jquery-mobile.git",
  "_target": "~1.4.5",
  "_originalSource": "jquery-mobile",
  "_direct": true
}